miasto,powiat,wojewodztwo,powierzchnia,ludnosc,szer,dlug,,,,,,
Bardo,ząbkowicki,dolnośląskie,471,2497,50.47,16.73,,,,,,
Bielawa,dzierżoniowski,dolnośląskie,3621,29523,50.68,16.61,,,,,,
Bierutów,oleśnicki,dolnośląskie,836,4809,51.1,17.57,,,,,,
Bogatynia,zgorzelecki,dolnośląskie,5988,17037,50.9,14.95,,,,,,
Boguszów-Gorce,wałbrzyski,dolnośląskie,2702,15154,50.77,16.17,,,,,,
Bolesławiec,bolesławiecki,dolnośląskie,2357,38486,51.27,15.57,,,,,,
Bolków,jaworski,dolnośląskie,768,4913,50.92,16.1,,,,,,
Brzeg Dolny,wołowski,dolnośląskie,1720,12480,51.27,16.72,,,,,,
Bystrzyca Kłodzka,kłodzki,dolnośląskie,1074,9878,50.3,16.65,,,,,,
Chocianów,polkowicki,dolnośląskie,900,7773,51.4,15.9,,,,,,
Chojnów,legnicki,dolnośląskie,532,13236,51.28,15.93,,,,,,
Duszniki-Zdrój,kłodzki,dolnośląskie,2228,4422,50.4,16.38,,,,,,
Dzierżoniów,dzierżoniowski,dolnośląskie,2007,32869,50.72,16.65,,,,,,
Głogów,głogowski,dolnośląskie,3511,66120,51.67,16.08,,,,,,
Głuszyca,wałbrzyski,dolnośląskie,1621,6246,50.68,16.37,,,,,,
Góra,górowski,dolnośląskie,1365,11574,51.67,16.53,,,,,,
Gryfów Śląski,lwówecki,dolnośląskie,663,6509,51.02,15.42,,,,,,
Jawor,jaworski,dolnośląskie,1880,22462,51.05,16.2,,,,,,
Jaworzyna Śląska,świdnicki,dolnośląskie,434,5118,50.92,16.48,,,,,,
Jedlina-Zdrój,wałbrzyski,dolnośląskie,1745,4789,50.73,16.35,,,,,,
Jelcz-Laskowice,oławski,dolnośląskie,1706,15648,51.05,17.32,,,,,,
Jelenia Góra,Jelenia Góra[a],dolnośląskie,10922,78335,50.9,15.73,,,,,,
Kamieniec Ząbkowicki,ząbkowicki,dolnośląskie,1299,4467,50.52,16.88,,,,,,
Kamienna Góra,kamiennogórski,dolnośląskie,1804,18585,50.78,16.02,,,,,,
Karpacz,karkonoski,dolnośląskie,3799,4487,50.78,15.75,,,,,,
Kąty Wrocławskie,wrocławski,dolnośląskie,861,7028,51.03,16.77,,,,,,
Kłodzko,kłodzki,dolnośląskie,2484,26421,50.43,16.65,,,,,,
Kowary,karkonoski,dolnośląskie,3739,10650,50.78,15.83,,,,,,
Kudowa-Zdrój,kłodzki,dolnośląskie,3390,9772,50.43,16.23,,,,,,
Lądek-Zdrój,kłodzki,dolnośląskie,2032,5466,,,,,,,,
Legnica,Legnica[a],dolnośląskie,5629,98436,51.22,16.17,,,,,,
Leśna,lubański,dolnośląskie,856,4391,51.02,15.28,,,,,,
Lubań,lubański,dolnośląskie,1612,20723,51.12,15.28,,,,,,
Lubawka,kamiennogórski,dolnośląskie,2244,5940,50.77,16,,,,,,
Lubin,lubiński,dolnośląskie,4077,71710,51.4,16.2,,,,,,
Lubomierz,lwówecki,dolnośląskie,805,1987,51.02,15.52,,,,,,
Lwówek Śląski,lwówecki,dolnośląskie,1665,8753,51.12,15.58,,,,,,
Mieroszów,wałbrzyski,dolnośląskie,1031,3964,50.68,16.28,,,,,,
Międzybórz,oleśnicki,dolnośląskie,641,2341,51.42,17.67,,,,,,
Międzylesie,kłodzki,dolnośląskie,1437,2514,50.15,16.67,,,,,,
Miękinia,średzki,dolnośląskie,1104,2078,51.19,16.74,,,,,,
Milicz,milicki,dolnośląskie,1350,11199,51.53,17.27,,,,,,
Mirsk,lwówecki,dolnośląskie,1466,3786,50.97,15.38,,,,,,
Niemcza,dzierżoniowski,dolnośląskie,1981,2932,50.72,16.84,,,,,,
Nowa Ruda,kłodzki,dolnośląskie,3705,21643,50.58,16.5,,,,,,
Nowogrodziec,bolesławiecki,dolnośląskie,1610,4263,51.28,15.4,,,,,,
Oborniki Śląskie,trzebnicki,dolnośląskie,1446,9075,51.3,16.92,,,,,,
Oleśnica,oleśnicki,dolnośląskie,2096,36979,51.2,17.38,,,,,,
Olszyna,lubański,dolnośląskie,2026,4325,51.07,15.35,,,,,,
Oława,oławski,dolnośląskie,2736,33087,50.95,17.3,,,,,,
Piechowice,karkonoski,dolnośląskie,4322,6082,50.87,15.62,,,,,,
Pieńsk,zgorzelecki,dolnośląskie,992,5767,51.27,15.02,,,,,,
Pieszyce,dzierżoniowski,dolnośląskie,1772,7012,50.72,16.58,,,,,,
Piława Górna,dzierżoniowski,dolnośląskie,2093,6364,50.68,16.75,,,,,,
Polanica-Zdrój,kłodzki,dolnośląskie,1722,6228,50.4,16.5,,,,,,
Polkowice,polkowicki,dolnośląskie,2374,22435,51.5,16.07,,,,,,
Prochowice,legnicki,dolnośląskie,985,3556,51.27,16.3,,,,,,
Prusice,trzebnicki,dolnośląskie,1094,2226,51.37,16.92,,,,,,
Przemków,polkowicki,dolnośląskie,617,6079,51.5,15.78,,,,,,
Radków,kłodzki,dolnośląskie,1503,2401,50.5,16.4,,,,,,
Siechnice,wrocławski,dolnośląskie,1563,8851,51.03,17.12,,,,,,
Sobótka,wrocławski,dolnośląskie,3220,6954,50.9,16.73,,,,,,
Stronie Śląskie,kłodzki,dolnośląskie,238,5616,50.3,16.87,,,,,,
Strzegom,świdnicki,dolnośląskie,2049,15873,50.97,16.35,,,,,,
Strzelin,strzeliński,dolnośląskie,1274,12383,50.78,17.07,,,,,,
Syców,oleśnicki,dolnośląskie,1705,10340,51.3,17.72,,,,,,
Szczawno-Zdrój,wałbrzyski,dolnośląskie,1474,5534,50.82,16.25,,,,,,
Szczytna,kłodzki,dolnośląskie,8038,5044,50.4,16.5,,,,,,
Szklarska Poręba,karkonoski,dolnośląskie,7544,6653,50.82,15.53,,,,,,
Ścinawa,lubiński,dolnośląskie,1354,5526,51.42,16.42,,,,,,
Środa Śląska,średzki,dolnośląskie,1494,9562,51.17,16.58,,,,,,
Świdnica,świdnicki,dolnośląskie,2176,56222,50.85,16.48,,,,,,
Świebodzice,świdnicki,dolnośląskie,3043,22642,50.87,16.32,,,,,,
Świeradów-Zdrój,lubański,dolnośląskie,2072,3995,50.9,15.35,,,,,,
Świerzawa,złotoryjski,dolnośląskie,176,2234,51.02,15.9,,,,,,
Trzebnica,trzebnicki,dolnośląskie,1061,13314,51.32,17.07,,,,,,
Twardogóra,oleśnicki,dolnośląskie,829,6597,51.3,17.47,,,,,,
Wałbrzych,Wałbrzych[a],dolnośląskie,8470,109971,50.77,16.28,,,,,,
Wąsosz,górowski,dolnośląskie,324,2647,51.6,16.7,,,,,,
Węgliniec,zgorzelecki,dolnośląskie,873,2802,51.28,15.08,,,,,,
Wiązów,strzeliński,dolnośląskie,916,2198,50.85,17.3,,,,,,
Wleń,lwówecki,dolnośląskie,722,1725,51.02,15.63,,,,,,
Wojcieszów,złotoryjski,dolnośląskie,3217,3572,50.98,15.92,,,,,,
Wołów,wołowski,dolnośląskie,1854,12298,51.33,16.63,,,,,,
Wrocław,Wrocław[a],dolnośląskie,29282,641928,51.1,17.03,,,,,,
Zawidów,zgorzelecki,dolnośląskie,607,4132,51.02,15.07,,,,,,
Ząbkowice Śląskie,ząbkowicki,dolnośląskie,1367,14728,50.58,16.82,,,,,,
Zgorzelec,zgorzelecki,dolnośląskie,1588,29810,51.15,15,,,,,,
Ziębice,ząbkowicki,dolnośląskie,1507,8531,50.6,17.03,,,,,,
Złotoryja,złotoryjski,dolnośląskie,1151,15273,51.12,15.92,,,,,,
Złoty Stok,ząbkowicki,dolnośląskie,773,2696,50.45,16.87,,,,,,
Żarów,świdnicki,dolnośląskie,757,6648,50.97,16.5,,,,,,
Żmigród,trzebnicki,dolnośląskie,949,6444,51.47,16.9,,,,,,
Zielona Góra,Zielona Góra,lubuskie,27826,140892,51.939722,15.505,,,,,,
Gorzów Wielkopolski,Gorzów Wielkopolski,lubuskie,8572,122589,52.730833,15.238333,,,,,,
Nowa Sól,nowosolski,lubuskie,2180,38191,51.803333,15.717222,,,,,,
Świebodzin,świebodziński,lubuskie,1693,21550,52.247222,15.533611,,,,,,
Kostrzyn nad Odrą,gorzowski,lubuskie,4614,17704,52.583333,14.666667,,,,,,
Międzyrzecz,międzyrzecki,lubuskie,1026,17667,52.443056,15.578611,,,,,,
Słubice,słubicki,lubuskie,1921,16623,52.35,14.566667,,,,,,
Sulechów,zielonogórski,lubuskie,688,16592,52.083333,15.616667,,,,,,
Gubin,krośnieński,lubuskie,2068,16528,51.95,14.716667,,,,,,
Lubsko,żarski,lubuskie,1251,13733,51.789167,14.971111,,,,,,
Wschowa,wschowski,lubuskie,925,13717,51.8,16.316667,,,,,,
Szprotawa,żagański,lubuskie,1095,11530,51.566667,15.533333,,,,,,
Krosno Odrzańskie,krośnieński,lubuskie,815,11155,52.054722,15.095278,,,,,,
Sulęcin,sulęciński,lubuskie,856,10005, 52.4413768,15.1161501,,,,,,
Drezdenko,strzelecko-drezdenecki,lubuskie,1072,9978,52.833333,15.833333,,,,,,
Strzelce Krajeńskie,strzelecko-drezdenecki,lubuskie,554,9833,52.875,15.529167,,,,,,
Skwierzyna,międzyrzecki,lubuskie,3589,9454,52.597222,15.516667,,,,,,
Kożuchów,nowosolski,lubuskie,594,9337,51.75,15.6,,,,,,
Witnica,gorzowski,lubuskie,824,6666,52.6729399,14.8972121,,,,,,
Rzepin,słubicki,lubuskie,1142,6485,52.35,14.816667,,,,,,
Nowogród Bobrzański,zielonogórski,lubuskie,1463,5060,51.816667,15.233333,,,,,,
Zbąszynek,świebodziński,lubuskie,358,4997,52.25,15.816667,,,,,,
Sława,wschowski,lubuskie,1490,4268,51.883333,16.066667,,,,,,
Bytom Odrzański,nowosolski,lubuskie,230,4244,51.733333,15.816667,,,,,,
Jasień,żarski,lubuskie,479,4215,51.75,15,,,,,,
Czerwieńsk,zielonogórski,lubuskie,936,3947,52,15.433333,,,,,,
Babimost,zielonogórski,lubuskie,365,3901,52.165312,15.8285175,,,,,,
Ośno Lubuskie,słubicki,lubuskie,801,3896,52.45,14.883333,,,,,,
Iłowa,żagański,lubuskie,918,3844,51.5,15.2,,,,,,
Kargowa,zielonogórski,lubuskie,455,3774,52.066667,15.866667,,,,,,
Małomice,żagański,lubuskie,675,3496,51.6,15.3,,,,,,
Dobiegniew,strzelecko-drezdenecki,lubuskie,569,3017,52.966667,15.75,,,,,,
Gozdnica,żagański,lubuskie,2392,2977,51.5,15,,,,,,
Cybinka,słubicki,lubuskie,529,2768,52.2,14.8,,,,,,
Nowe Miasteczko,nowosolski,lubuskie,329,2724,51.7,15.716667,,,,,,
Torzym,sulęciński,lubuskie,911,2520,52.316667,15.083333,,,,,,
Łęknica,żarski,lubuskie,1643,2396,51.533333,14.733333,,,,,,
Trzciel,międzyrzecki,lubuskie,304,2339,52.383333,15.866667,,,,,,
Lubniewice,sulęciński,lubuskie,1211,2080,52.583333,15.25,,,,,,
Otyń,nowosolski,lubuskie,786,1641,51.816667,15.716667,,,,,,
Szlichtyngowa,wschowski,lubuskie,155,1266,51.7,16.2,,,,,,
Brody,żarski,lubuskie,307,889,51.7867086,14.7743044,,,,,,
Żagań,żagański,lubuskie,4038,25265,51.616667,15.316667,,,,,,
Żary,żarski,lubuskie,3349,37052,51.642222,15.1375,,,,,,
Bojanowo,rawicki,wielkopolskie,234,2915,51.65,16.748751,,,,,,
Borek Wielkopolski,gostyński,wielkopolskie,629,2500,51.916889,17.242531,,,,,,
Budzyń,chodzieski,wielkopolskie,4059,4475,52.890179,16.98905,,,,,,
Buk,poznański,wielkopolskie,296,5948,52.357461,16.516807,,,,,,
Chocz,pleszewski,wielkopolskie,688,1769,51.97521,17.87069,,,,,,
Chodzież,chodzieski,wielkopolskie,1277,18229,52.995,16.9197,,,,Miasto,Szerokość N,Długość E
Czarnków,czarnkowsko-trzcianecki,wielkopolskie,1017,10464,52.9031,16.5614,,,,Chodzież,52.995,16.9197
Czempiń,kościański,wielkopolskie,332,4932,52.14315,16.76133,,,,Czarnków,52.9031,16.5614
Czerniejewo,gnieźnieński,wielkopolskie,1019,2671,52.42961,17.4894,,,,Dąbie,52.0736,18.7686
Dąbie,kolski,wielkopolskie,880,1982,52.0736,18.7686,,,,Dolsk,51.9856,17.0639
Dobra,turecki,wielkopolskie,184,1352,51.91618,18.61597,,,,Gniezno,52.5341,17.5823
Dobrzyca,pleszewski,wielkopolskie,1970,3112,51.86682,17.60264,,,,Gostyń,51.8824,17.0121
Dolsk,śremski,wielkopolskie,620,1553,51.9856,17.0639,,,,Grodzisk Wielkopolski,52.2333,16.3667
Gniezno,gnieźnieński,wielkopolskie,4060,67570,52.5341,17.5823,,,,Jarocin,51.9724,17.5012
Golina,koniński,wielkopolskie,352,4450,52.24276,18.09534,,,,Kalisz,51.7611,18.091
Gołańcz,wągrowiecki,wielkopolskie,1264,3158,52.94316,17.29998,,,,Kępno,51.2782,17.9897
Gostyń,gostyński,wielkopolskie,1109,20250,51.8824,17.0121,,,,Kleczew,52.37,18.17
Grabów nad Prosną,ostrzeszowski,wielkopolskie,258,1912,51.50605,18.11888,,,,Kłecko,52.64,17.52
Grodzisk Wielkopolski,grodziski,wielkopolskie,1821,14713,52.2333,16.3667,,,,Koło,52.2,18.6333
Jaraczewo,jarociński,wielkopolskie,1007,1403,51.96891,17.29811,,,,Konin,52.223,18.2512
Jarocin,jarociński,wielkopolskie,2196,26453,51.9724,17.5012,,,,Kościan,52.0881,16.648
Jastrowie,złotowski,wielkopolskie,7230,8580,53.42055,16.81502,,,,Koźmin Wielkopolski,51.8234,17.4561
Jutrosin,rawicki,wielkopolskie,162,1966,51.65362,17.16899,,,,Miasto,Szerokość N,Długość E
Kaczory,pilski,wielkopolskie,1655,2904,53.10209,16.88431,,,,Chodzież,52.995,16.9197
Kalisz,Kalisz[a],wielkopolskie,6942,99106,51.7611,18.091,,,,Czarnków,52.9031,16.5614
Kępno,kępiński,wielkopolskie,779,13889,51.2782,17.9897,,,,Dąbie,52.0736,18.7686
Kleczew,koniński,wielkopolskie,780,4097,52.37,18.17,,,,Dolsk,51.9856,17.0639
Kłecko,gnieźnieński,wielkopolskie,962,2605,52.64,17.52,,,,Gniezno,52.5341,17.5823
Kłodawa,kolski,wielkopolskie,431,6355,52.25745,18.91121,,,,Gostyń,51.8824,17.0121
Kobylin,krotoszyński,wielkopolskie,487,3222,51.71636,17.22476,,,,Grodzisk Wielkopolski,52.2333,16.3667
Koło,kolski,wielkopolskie,1385,21247,52.2,18.6333,,,,Jarocin,51.9724,17.5012
Konin,Konin[a],wielkopolskie,8231,72539,52.223,18.2512,,,,Kalisz,51.7611,18.091
Kostrzyn,poznański,wielkopolskie,798,9697,52.38066,17.2485,,,,Kępno,51.2782,17.9897
Kościan,kościański,wielkopolskie,901,23716,52.0881,16.648,,,,Kleczew,52.37,18.17
Koźmin Wielkopolski,krotoszyński,wielkopolskie,589,6437,51.8234,17.4561,,,,Kłecko,52.64,17.52
Koźminek,kaliski,wielkopolskie,604,1938,52.245,17.0914,,,,Koło,52.2,18.6333
Kórnik,poznański,wielkopolskie,599,8023,52.24928,17.09012,,,,Konin,52.223,18.2512
Krajenka,złotowski,wielkopolskie,376,3603,53.29709,16.99095,,,,Kościan,52.0881,16.648
Krobia,gostyński,wielkopolskie,705,4338,51.7741,16.98455,,,,Koźmin Wielkopolski,51.8234,17.4561
Krotoszyn,krotoszyński,wielkopolskie,2254,28701,51.6989,17.4375,,,,Kórnik,52.245,17.0914
Krzywiń,kościański,wielkopolskie,227,1721,51.96293,16.8193,,,,Krotoszyn,51.6989,17.4375
Krzyż Wielkopolski,czarnkowsko-trzcianecki,wielkopolskie,581,6147,52.87964,16.01417,,,,Leszno,51.84,16.574
Książ Wielkopolski,śremski,wielkopolskie,196,2718,52.06235,17.23956,,,,Międzychód,52.6,15.9
Leszno,Leszno[a],wielkopolskie,3186,62854,51.84,16.574,,,,Murowana Goślina,52.5833,17.0167
Luboń,poznański,wielkopolskie,1351,32015,52.34582,16.87848,,,,Nowy Tomyśl,52.3167,16.1333
Lwówek,nowotomyski,wielkopolskie,316,2933,52.44893,16.18036,,,,Oborniki,52.65,16.8167
Łobżenica,pilski,wielkopolskie,325,2939,53.26029,17.25484,,,,Odolanów,51.5667,17.6667
Margonin,chodzieski,wielkopolskie,515,2984,52.97329,17.09489,,,,Ostrów Wielkopolski,51.65,17.8167
Miasteczko Krajeńskie,pilski,wielkopolskie,193,1080,53.09769,17.0073,,,,Ostrzeszów,51.4167,17.9333
Miejska Górka,rawicki,wielkopolskie,314,3203,51.65521,16.95615,,,,Piła,53.15,16.75
Mieścisko,wągrowiecki,wielkopolskie,1134,2362,52.74367,17.32947,,,,Pleszew,51.9,17.7833
Międzychód,międzychodzki,wielkopolskie,698,10476,52.6,15.9,,,,Poznań,52.4064,16.9252
Mikstat,ostrzeszowski,wielkopolskie,252,1812,51.53153,17.97107,,,,Puszczykowo,52.2833,16.8667
Miłosław,wrzesiński,wielkopolskie,446,3534,52.20231,17.48922,,,,Rawicz,51.6167,16.8667
Mosina,poznański,wielkopolskie,1350,14255,52.24558,16.84726,,,,Rychwał,52.0167,18.1833
Murowana Goślina,poznański,wielkopolskie,862,10410,52.5833,17.0167,,,,Sieraków,52.65,16.0833
Nekla,wrzesiński,wielkopolskie,1979,3851,52.36562,17.41446,,,,Sulmierzyce,51.6167,17.5167
Nowe Skalmierzyce,ostrowski,wielkopolskie,158,4744,51.71091,17.99433,,,,Swarzędz,52.4167,17.0833
Nowy Tomyśl,nowotomyski,wielkopolskie,520,14319,52.3167,16.1333,,,,Szamotuły,52.6167,16.5833
Oborniki,obornicki,wielkopolskie,1408,17848,52.65,16.8167,,,,Ślesin,52.4,18.3167
Obrzycko,szamotulski,wielkopolskie,374,2385,52.702,16.5301,,,,Śrem,52.0833,17.0167
Odolanów,ostrowski,wielkopolskie,476,5114,51.5667,17.6667,,,,Trzcianka,53.0333,16.45
Okonek,złotowski,wielkopolskie,601,3842,53.53476,16.85162,,,,Turek,52.0167,18.5
Opalenica,nowotomyski,wielkopolskie,642,9545,53.53476,16.85162,,,,Wągrowiec,52.8,17.2
Opatówek,kaliski,wielkopolskie,868,3611,51.73944,18.21373,,,,Wolsztyn,52.1167,16.1167
Osieczna,leszczyński,wielkopolskie,476,2392,51.90339,16.67621,,,,Września,52.325,17.5667
Ostroróg,szamotulski,wielkopolskie,125,1916,52.62674,16.44917,,,,Zaniemyśl,52.1333,17.1
Ostrów Wielkopolski,ostrowski,wielkopolskie,4190,71560,51.65,17.8167,,,,Zduny,51.65,17.3833
Ostrzeszów,ostrzeszowski,wielkopolskie,1213,13964,51.4167,17.9333,,,,Złotów,53.3639,17.0406
Piła,pilski,wielkopolskie,10268,72527,53.15,16.75,,,,Żerków,52.0333,17.6167
Pleszew,pleszewski,wielkopolskie,1338,16953,51.9,17.7833,,,,,,
Pniewy,szamotulski,wielkopolskie,932,8084,52.50896,16.25664,,,,,,
Pobiedziska,poznański,wielkopolskie,1024,9451,52.47734,17.28704,,,,,,
Pogorzela,gostyński,wielkopolskie,436,2087,51.82241,17.23104,,,,,,
Poniec,gostyński,wielkopolskie,348,2878,51.76504,16.80599,,,,,,
Poznań,Poznań[a],wielkopolskie,26191,532048,52.4064,16.9252,,,,,,
Przedecz,kolski,wielkopolskie,298,1621,52.33417,18.89851,,,,,,
Puszczykowo,poznański,wielkopolskie,1639,9575,52.2833,16.8667,,,,,,
Pyzdry,wrzesiński,wielkopolskie,1216,3092,52.16943,17.68713,,,,,,
Rakoniewice,grodziski,wielkopolskie,337,3619,52.13935,16.27385,,,,,,
Raszków,ostrowski,wielkopolskie,205,2119,51.71821,17.72771,,,,,,
Rawicz,rawicki,wielkopolskie,887,20187,51.6167,16.8667,,,,Sieraków,52.65,16.0833
Rogoźno,obornicki,wielkopolskie,1124,11124,52.7523,16.99363,,,,Sulmierzyce,51.6167,17.5167
Rychtal,kępiński,wielkopolskie,396,1347,51.14484,17.84849,,,,Swarzędz,52.4167,17.0833
Rychwał,koniński,wielkopolskie,970,2353,52.0167,18.1833,,,,Szamotuły,52.6167,16.5833
Rydzyna,leszczyński,wielkopolskie,220,2919,51.78637,16.66732,,,,Ślesin,52.4,18.3167
Sieraków,międzychodzki,wielkopolskie,1408,5956,52.65,16.0833,,,,Śrem,52.0833,17.0167
Skoki,wągrowiecki,wielkopolskie,1120,4462,52.67259,17.15313,,,,Trzcianka,53.0333,16.45
Słupca,słupecki,wielkopolskie,1030,13564,52.2907,17.87164,,,,Turek,52.0167,18.5
Sompolno,koniński,wielkopolskie,621,3472,52.38844,18.50301,,,,Wągrowiec,52.8,17.2
Stawiszyn,kaliski,wielkopolskie,99,1461,51.91824,18.11154,,,,Wolsztyn,52.1167,16.1167
Stęszew,poznański,wielkopolskie,569,5903,51.91824,18.11154,,,,Września,52.325,17.5667
Sulmierzyce,krotoszyński,wielkopolskie,2929,2831,51.6167,17.5167,,,,Zaniemyśl,52.1333,17.1
Swarzędz,poznański,wielkopolskie,823,29862,52.4167,17.0833,,,,Zduny,51.65,17.3833
Szamocin,chodzieski,wielkopolskie,467,4192,53.029,17.12172,,,,Złotów,53.3639,17.0406
Szamotuły,szamotulski,wielkopolskie,1108,18736,52.6167,16.5833,,,,Żerków,52.0333,17.6167
Ślesin,koniński,wielkopolskie,718,3124,52.4,18.3167,,,,,,
Śmigiel,kościański,wielkopolskie,530,5621,52.01274,16.52711,,,,,,
Śrem,śremski,wielkopolskie,1237,29176,52.0833,17.0167,,,,,,
Środa Wielkopolska,średzki,wielkopolskie,2192,23672,52.22843,17.27783,,,,,,
Trzcianka,czarnkowsko-trzcianecki,wielkopolskie,1830,17009,53.0333,16.45,,,,,,
Trzemeszno,gnieźnieński,wielkopolskie,546,7606,52.56007,17.82089,,,,,,
Tuliszków,turecki,wielkopolskie,700,3204,52.0771,18.29493,,,,,,
Turek,turecki,wielkopolskie,1617,26441,52.0167,18.5,,,,,,
Ujście,pilski,wielkopolskie,578,3623,53.05315,16.73243,,,,,,
Wągrowiec,wągrowiecki,wielkopolskie,1783,25607,52.8,17.2,,,,,,
Wieleń,czarnkowsko-trzcianecki,wielkopolskie,446,5758,52.89433,16.17128,,,,,,
Wielichowo,grodziski,wielkopolskie,124,1774,52.11827,16.35214,,,,,,
Witkowo,gnieźnieński,wielkopolskie,831,7706,52.43959,17.77251,,,,,,
Wolsztyn,wolsztyński,wielkopolskie,478,12859,52.1167,16.1167,,,,,,
Wronki,szamotulski,wielkopolskie,581,11064,52.71003,16.37426,,,,,,
Września,wrzesiński,wielkopolskie,1273,31000,52.325,17.5667,,,,,,
Wyrzysk,pilski,wielkopolskie,412,5131,53.15698,17.2627,,,,,,
Wysoka,pilski,wielkopolskie,482,2614,53.18293,17.07971,,,,,,
Zagórów,słupecki,wielkopolskie,344,2902,52.16899,17.90016,,,,,,
Zbąszyń,nowotomyski,wielkopolskie,542,7213,52.2501,15.92093,,,,,,
Zduny,krotoszyński,wielkopolskie,620,4445,51.65,17.3833,,,,,,
Złotów,złotowski,wielkopolskie,1158,18437,53.3639,17.0406,,,,,,
Żerków,jarociński,wielkopolskie,216,2109,52.0333,17.6167,,,,,,
Barlinek,myśliborski,zachodniopomorskie,1755,13611,53.0002,15.2186,,,,,,
Barwice,szczecinecki,zachodniopomorskie,752,3677,53.735,16.3553,,,,,,
Białogard,białogardzki,zachodniopomorskie,2573,23950,53.9966,15.9875,,,,,,
Biały Bór,szczecinecki,zachodniopomorskie,1282,2208,53.8967,16.8354,,,,,,
Bobolice,koszaliński,zachodniopomorskie,477,3957,53.9553,16.5889,,,,,,
Borne Sulinowo,szczecinecki,zachodniopomorskie,1815,5052,53.5765,16.5342,,,,,,
Cedynia,gryfiński,zachodniopomorskie,167,1497,53.2622,14.2025,,,,,,
Chociwel,stargardzki,zachodniopomorskie,367,3123,53.467,15.3333,,,,,,
Chojna,gryfiński,zachodniopomorskie,1258,7367,53.964,14.428,,,,,,
Choszczno,choszczeński,zachodniopomorskie,958,14998,53.169,15.4205,,,,,,
Czaplinek,drawski,zachodniopomorskie,1362,7094,53.5578,16.2333,,,,,,
Człopa,wałecki,zachodniopomorskie,627,2308,53.0886,16.1312,,,,,,
Darłowo,sławieński,zachodniopomorskie,2021,13574,54.4209,16.4107,,,,,,
Dębno,myśliborski,zachodniopomorskie,1951,13626,52.739,14.698,,,,,,
Dobra,łobeski,zachodniopomorskie,237,2296,53.4862,14.3869,,,,,,
Dobrzany,stargardzki,zachodniopomorskie,534,2218,53.35828,15.42993,,,,,,
Drawno,choszczeński,zachodniopomorskie,503,2250,53.21895,15.75801,,,,,,
Drawsko Pomorskie,drawski,zachodniopomorskie,2233,11417,53.5306,15.8096,,,,,,
Dziwnów,kamieński,zachodniopomorskie,652,2647,54.0282,14.7669,,,,,,
Golczewo,kamieński,zachodniopomorskie,742,2673,53.8243,14.9785,,,,,,
Goleniów,goleniowski,zachodniopomorskie,1178,21979,53.5639,14.8285,,,,,,
Gościno,kołobrzeski,zachodniopomorskie,570,2439,54.05158,15.6534,,,,,,
Gryfice,gryficki,zachodniopomorskie,1240,16212,54.0954,15.2003,,,,,,
Gryfino,gryfiński,zachodniopomorskie,1181,20923,53.2523,14.4883,,,,,,
Ińsko,stargardzki,zachodniopomorskie,748,1892,53.436,15.55,,,,,,
Kalisz Pomorski,drawski,zachodniopomorskie,1196,4363,53.5989,15.9063,,,,,,
Kamień Pomorski,kamieński,zachodniopomorskie,1074,8677,53.9685,14.7726,,,,,,
Karlino,białogardzki,zachodniopomorskie,940,5862,53.9419,15.8774,,,,,,
Kołobrzeg,kołobrzeski,zachodniopomorskie,2567,46198,54.1756,15.5834,,,,,,
Koszalin,Koszalin[a],zachodniopomorskie,9834,106235,54.1944,16.1722,,,,,,
Lipiany,pyrzycki,zachodniopomorskie,554,3887,53.0029,14.97088,,,,,,
Łobez,łobeski,zachodniopomorskie,1284,10048,53.6392,15.6213,,,,,,
Maszewo,goleniowski,zachodniopomorskie,554,3346,53.4962,15.0616,,,,,,
Mielno,koszaliński,zachodniopomorskie,3345,2898,54.2609,16.0621,,,,,,
Mieszkowice,gryfiński,zachodniopomorskie,525,3577,52.7873,14.4935,,,,,,
Międzyzdroje,kamieński,zachodniopomorskie,516,5307,53.9292,14.451,,,,,,
Mirosławiec,wałecki,zachodniopomorskie,241,3054,53.34151,16.08815,,,,,,
Moryń,gryfiński,zachodniopomorskie,554,1612,53.8597,14.3929,,,,,,
Myślibórz,myśliborski,zachodniopomorskie,1504,11049,52.9236,14.8678,,,,,,
Nowe Warpno,policki,zachodniopomorskie,2451,1178,53.7236,14.2817,,,,,,
Nowogard,goleniowski,zachodniopomorskie,1257,16448,53.6744,15.1163,,,,,,
Pełczyce,choszczeński,zachodniopomorskie,1307,2595,53.0434,15.3047,,,,,,
Płoty,gryficki,zachodniopomorskie,412,3900,53.8018,15.2667,,,,,,
Polanów,koszaliński,zachodniopomorskie,737,2881,54.0992,16.685,,,,,,
Police,policki,zachodniopomorskie,3731,32243,53.5521,14.5718,,,,,,
Połczyn-Zdrój,świdwiński,zachodniopomorskie,721,7987,53.7644,16.0958,,,,,,
Pyrzyce,pyrzycki,zachodniopomorskie,3879,12484,53.1462,14.8926,,,,,,
Recz,choszczeński,zachodniopomorskie,1240,2873,53.2639,15.5471,,,,,,
Resko,łobeski,zachodniopomorskie,449,4147,53.7731,15.4061,,,,,,
Sianów,koszaliński,zachodniopomorskie,1588,6560,54.2265,16.2914,,,,,,
Sławno,sławieński,zachodniopomorskie,1583,12357,54.3628,16.6789,,,,,,
Stargard,stargardzki,zachodniopomorskie,4808,67579,53.3367,15.0499,,,,,,
Stepnica,goleniowski,zachodniopomorskie,340,2464,53.6519,14.6255,,,,,,
Suchań,stargardzki,zachodniopomorskie,357,1440,53.2799,15.3259,,,,,,
Szczecin,Szczecin[a],zachodniopomorskie,30060,398255,53.4289,14.553,,,,,,
Szczecinek,szczecinecki,zachodniopomorskie,4848,39827,53.7079,16.6994,,,,,,
Świdwin,świdwiński,zachodniopomorskie,2238,15338,53.7746,15.7767,,,,,,
Świnoujście,Świnoujście[a],zachodniopomorskie,20207,40948,53.9105,14.2471,,,,,,
Trzcińsko-Zdrój,gryfiński,zachodniopomorskie,233,2200,53.0372,14.6069,,,,,,
Trzebiatów,gryficki,zachodniopomorskie,1025,9899,54.0615,15.2648,,,,,,
Tuczno,wałecki,zachodniopomorskie,921,1919,53.1937,16.1537,,,,,,
Tychowo,białogardzki,zachodniopomorskie,396,2485,53.9286,16.25668,,,,,,
Wałcz,wałecki,zachodniopomorskie,3817,24949,53.2779,16.4712,,,,,,
Węgorzyno,łobeski,zachodniopomorskie,685,2771,53.541,15.5596,,,,,,
Wolin,kamieński,zachodniopomorskie,1447,4739,53.8422,14.6147,,,,,,
Złocieniec,drawski,zachodniopomorskie,3228,12706,53.5329,16.0113,,,,,,
Brusy,chojnicki,pomorskie,520,5221,53.883333,17.716667,,,,,,
Bytów,bytowski,pomorskie,872,16833,54.17,17.49,,,,,,
Chojnice,chojnicki,pomorskie,2104,39647,53.695,17.5575,,,,,,
Czarna Woda,starogardzki,pomorskie,994,2763,53.8442,18.09843,,,,,,
Czarne,człuchowski,pomorskie,4643,5830,53.68353,16.94221,,,,,,
Czersk,chojnicki,pomorskie,973,9900,53.8,17.966667,,,,,,
Człuchów,człuchowski,pomorskie,1278,13479,53.666667,17.366667,,,,,,
Debrzno,człuchowski,pomorskie,751,5020,53.533333,17.233333,,,,,,
Dzierzgoń,sztumski,pomorskie,390,5320,53.933333,19.333333,,,,,,
Gdańsk,Gdańsk[a],pomorskie,26196,470805,54.3475,18.645278,,,,,,
Gdynia,Gdynia[a],pomorskie,13514,244969,54.519167,18.539444,,,,,,
Gniew,tczewski,pomorskie,604,6608,53.83422,18.82516,,,,,,
Hel,pucki,pomorskie,2295,3212,54.6,18.8,,,,,,
Jastarnia,pucki,pomorskie,506,2679,54.7,18.683333,,,,,,
Kartuzy,kartuski,pomorskie,735,14276,54.333333,18.2,,,,,,
Kępice,słupski,pomorskie,611,3558,54.25,16.883333,,,,,,
Kościerzyna,kościerski,pomorskie,1586,23778,54.12,17.98,,,,,,
Krynica Morska,nowodworski,pomorskie,11856,1290,54.383333,19.45,,,,,,
Kwidzyn,kwidzyński,pomorskie,2154,38329,53.724167,18.931944,,,,,,
Lębork,lęborski,pomorskie,1786,35101,54.539167,17.752222,,,,,,
Łeba,lęborski,pomorskie,1656,3541,54.766667,17.55,,,,,,
Malbork,malborski,pomorskie,1716,38101,54.036111,19.026111,,,,,,
Miastko,bytowski,pomorskie,568,10211,54,16.983333,,,,,,
Nowy Dwór Gdański,nowodworski,pomorskie,507,9862,54.216667,19.116667,,,,,,
Nowy Staw,malborski,pomorskie,467,4226,54.13428,19.00869,,,,,,
Pelplin,tczewski,pomorskie,442,7597,53.933333,18.7,,,,,,
Prabuty,kwidzyński,pomorskie,729,8625,53.756,19.20444,,,,,,
Pruszcz Gdański,gdański,pomorskie,1647,31578,54.2625,18.636389,,,,,,
Puck,pucki,pomorskie,479,11139,54.72,18.41,,,,,,
Reda,wejherowski,pomorskie,3346,26707,54.6,18.35,,,,,,
Rumia,wejherowski,pomorskie,3010,49536,54.57,18.4,,,,,,
Skarszewy,starogardzki,pomorskie,1079,7015,54.066667,18.433333,,,,,,
Skórcz,starogardzki,pomorskie,363,3603,53.783333,18.533333,,,,,,
Słupsk,Słupsk[a],pomorskie,4315,89780,54.465833,17.029167,,,,,,
Sopot,Sopot[a],pomorskie,1728,35286,54.441944,18.56,,,,,,
Starogard Gdański,starogardzki,pomorskie,2528,47272,53.963611,18.526389,,,,,,
Sztum,sztumski,pomorskie,459,9798,53.92,19.03,,,,,,
Tczew,tczewski,pomorskie,2238,59430,54.092222,18.7775,,,,,,
Ustka,słupski,pomorskie,1019,15199,54.58,16.86,,,,,,
Wejherowo,wejherowski,pomorskie,2699,49099,54.605,18.235,,,,,,
Władysławowo,pucki,pomorskie,1367,9830,54.79013,18.40873,,,,,,
Żukowo,kartuski,pomorskie,473,8135,54.35,18.366667,,,,,,
Aleksandrów Kujawski,aleksandrowski,kujawsko-pomorskie,724,12058,52.883333,18.7,,,,,,
Barcin,żniński,kujawsko-pomorskie,370,7313,52.866667,17.983333,,,,,,
Bobrowniki,lipnowski,kujawsko-pomorskie,588,1104,52.77922,18.95454,,,,,,
Brodnica,brodnicki,kujawsko-pomorskie,2315,28701,53.259722,19.395556,,,,,,
Brześć Kujawski,włocławski,kujawsko-pomorskie,704,4563,52.6,18.9,,,,,,
Bydgoszcz,Bydgoszcz[a],kujawsko-pomorskie,17598,344091,53.125,18.011111,,,,,,
Chełmno,chełmiński,kujawsko-pomorskie,1356,19205,53.349167,18.422778,,,,,,
Chełmża,toruński,kujawsko-pomorskie,784,14362,53.183333,18.6,,,,,,
Chodecz,włocławski,kujawsko-pomorskie,190,2279,52.433333,19.033333,,,,,,
Ciechocinek,aleksandrowski,kujawsko-pomorskie,1526,10534,52.883333,18.8,,,,,,
Dobrzyń nad Wisłą,lipnowski,kujawsko-pomorskie,541,2072,52.633333,19.266667,,,,,,
Gąsawa,żniński,kujawsko-pomorskie,693,1406,52.76856,17.75631,,,,,,
Gniewkowo,inowrocławski,kujawsko-pomorskie,918,7060,52.89443,18.40668,,,,,,
Golub-Dobrzyń,golubsko-dobrzyński,kujawsko-pomorskie,750,12412,53.11228,19.05728,,,,,,
Górzno,brodnicki,kujawsko-pomorskie,343,1403,53.19808,53.19808,,,,,,
Grudziądz,Grudziądz[a],kujawsko-pomorskie,5776,93564,53.486944,18.756944,,,,,,
Inowrocław,inowrocławski,kujawsko-pomorskie,3042,71674,52.795833,18.261111,,,,,,
Izbica Kujawska,włocławski,kujawsko-pomorskie,224,2594,52.483333,18.833333,,,,,,
Jabłonowo Pomorskie,brodnicki,kujawsko-pomorskie,335,3730,53.19808,19.1527,,,,,,
Janikowo,inowrocławski,kujawsko-pomorskie,951,8638,52.766667,18.116667,,,,,,
Janowiec Wielkopolski,żniński,kujawsko-pomorskie,304,3897,52.75,17.5,,,,,,
Kamień Krajeński,sępoleński,kujawsko-pomorskie,365,2335,53.53332,17.51991,,,,,,
Kcynia,nakielski,kujawsko-pomorskie,684,4515,52.983333,17.5,,,,,,
Kikół,lipnowski,kujawsko-pomorskie,401,1994,53.316667,17.933333,,,,,,
Koronowo,bydgoski,kujawsko-pomorskie,2815,11070,52.6,19.15,,,,,,
Kowal,włocławski,kujawsko-pomorskie,468,3468,52.53187,19.14462,,,,,,
Kowalewo Pomorskie,golubsko-dobrzyński,kujawsko-pomorskie,445,4102,53.15431,18.89755,,,,,,
Kruszwica,inowrocławski,kujawsko-pomorskie,1023,9331,52.666667,18.316667,,,,,,
Lipno,lipnowski,kujawsko-pomorskie,1099,14283,52.85,19.183333,,,,,,
Lubień Kujawski,włocławski,kujawsko-pomorskie,231,1377,52.416667,19.183333,,,,,,
Lubraniec,włocławski,kujawsko-pomorskie,197,2927,52.6,18.816667,,,,,,
Łabiszyn,żniński,kujawsko-pomorskie,289,4501,52.933333,17.933333,,,,,,
Łasin,grudziądzki,kujawsko-pomorskie,479,3161,52.65,17.95,,,,,,
Mogilno,mogileński,kujawsko-pomorskie,832,11652,52.65734,17.95007,,,,,,
Mrocza,nakielski,kujawsko-pomorskie,501,4298,53.24387,17.60689,,,,,,
Nakło nad Notecią,nakielski,kujawsko-pomorskie,1082,18026,53.138889,17.599444,,,,,,
Nieszawa,aleksandrowski,kujawsko-pomorskie,979,1834,52.866667,18.9,,,,,,
Nowe,świecki,kujawsko-pomorskie,357,5724,53.65,18.716667,,,,,,
Pakość,inowrocławski,kujawsko-pomorskie,346,5624,52.80733,18.08996,,,,,,
Piotrków Kujawski,radziejowski,kujawsko-pomorskie,976,4392,52.55057,18.49872,,,,,,
Pruszcz,świecki,kujawsko-pomorskie,706,2710,53.32941,18.19939,,,,,,
Radziejów,radziejowski,kujawsko-pomorskie,569,5499,52.616667,18.516667,,,,,,
Radzyń Chełmiński,grudziądzki,kujawsko-pomorskie,178,1784,53.416667,18.95,,,,,,
Rypin,rypiński,kujawsko-pomorskie,1096,15999,53.066944,19.406944,,,,,,
Sępólno Krajeńskie,sępoleński,kujawsko-pomorskie,655,9004,53.45,17.533333,,,,,,
Skępe,lipnowski,kujawsko-pomorskie,748,3542,52.866667,19.4,,,,,,
Solec Kujawski,bydgoski,kujawsko-pomorskie,1868,15614,53.080556,18.222222,,,,,,
Strzelno,mogileński,kujawsko-pomorskie,446,5589,52.616667,18.166667,,,,,,
Szubin,nakielski,kujawsko-pomorskie,765,9578,53.01175,17.74394,,,,,,
Świecie,świecki,kujawsko-pomorskie,1187,25486,53.408333,18.445833,,,,,,
Toruń,Toruń[a],kujawsko-pomorskie,11572,198613,53.0333,18.6,,,,,,
Tuchola,tucholski,kujawsko-pomorskie,1769,13534,53.583333,17.85,,,,,,
Wąbrzeźno,wąbrzeski,kujawsko-pomorskie,853,13400,53.283333,18.95,,,,,,
Więcbork,sępoleński,kujawsko-pomorskie,431,5900,53.35255,17.48739,,,,,,
Włocławek,Włocławek[a],kujawsko-pomorskie,8508,108561,52.65,19.05,,,,,,
Żnin,żniński,kujawsko-pomorskie,835,13623,52.85,17.716667,,,,,,
Barczewo,olsztyński,warmińsko-mazurskie,458,7509,53.83,20.72,,,,,,
Bartoszyce,bartoszycki,warmińsko-mazurskie,1179,22984,54.2667,20.8167,,,,,,
Biała Piska,piski,warmińsko-mazurskie,324,4047,53.6167,22.0667,,,,,,
Biskupiec,olsztyński,warmińsko-mazurskie,500,10628,53.8667,20.95,,,,,,
Bisztynek,bartoszycki,warmińsko-mazurskie,216,2328,54.05,20.9,,,,,,
Braniewo,braniewski,warmińsko-mazurskie,1241,16974,54.3833,19.8167,,,,,,
Dobre Miasto,olsztyński,warmińsko-mazurskie,486,10010,53.9833,20.4,,,,,,
Działdowo,działdowski,warmińsko-mazurskie,1147,21145,53.2333,20.1833,,,,,,
Elbląg,Elbląg[a],warmińsko-mazurskie,7982,118582,54.1667,19.4,,,,,,
Ełk,ełcki,warmińsko-mazurskie,2105,61903,53.8167,22.3667,,,,,,
Frombork,braniewski,warmińsko-mazurskie,759,2305,54.3667,19.6833,,,,,,
Giżycko,giżycki,warmińsko-mazurskie,1372,28964,54.0333,21.7667,,,,,,
Gołdap,gołdapski,warmińsko-mazurskie,1720,13600,54.3,22.3,,,,,,
Górowo Iławeckie,bartoszycki,warmińsko-mazurskie,332,3887,54.2833,20.4833,,,,,,
Iława,iławski,warmińsko-mazurskie,2188,33206,53.6,19.5667,,,,,,
Jeziorany,olsztyński,warmińsko-mazurskie,341,3135,53.9833,20.7333,,,,,,
Kętrzyn,kętrzyński,warmińsko-mazurskie,1035,26788,54.0833,21.3833,,,,,,
Kisielice,iławski,warmińsko-mazurskie,337,2081,53.7167,19.25,,,,,,
Korsze,kętrzyński,warmińsko-mazurskie,403,4145,54.1667,21.1333,,,,,,
Lidzbark,działdowski,warmińsko-mazurskie,568,7635,53.2667,19.8167,,,,,,
Lidzbark Warmiński,lidzbarski,warmińsko-mazurskie,1435,15489,54.1167,20.5833,,,,,,
Lubawa,iławski,warmińsko-mazurskie,1684,10374,53.5,19.75,,,,,,
Mikołajki,mrągowski,warmińsko-mazurskie,932,3741,53.8,21.5667,,,,,,
Miłakowo,ostródzki,warmińsko-mazurskie,876,2540,54,20,,,,,,
Miłomłyn,ostródzki,warmińsko-mazurskie,1238,2421,53.7833,19.85,,,,,,
Młynary,elbląski,warmińsko-mazurskie,276,1763,54.2,19.6333,,,,,,
Morąg,ostródzki,warmińsko-mazurskie,611,13459,53.9167,19.9333,,,,,,
Mrągowo,mrągowski,warmińsko-mazurskie,1481,21302,53.8667,21.3,,,,,,
Nidzica,nidzicki,warmińsko-mazurskie,686,13547,53.3667,20.4333,,,,,,
Nowe Miasto Lubawskie,nowomiejski,warmińsko-mazurskie,1137,10709,53.4167,19.6,,,,,,
Olecko,olecki,warmińsko-mazurskie,1154,16364,54.0333,22.5,,,,,,
Olsztyn,Olsztyn[a],warmińsko-mazurskie,8833,171249,53.7833,20.5,,,,,,
Olsztynek,olsztyński,warmińsko-mazurskie,769,7491,53.5833,20.2833,,,,,,
Orneta,lidzbarski,warmińsko-mazurskie,963,8648,54.1167,20.1333,,,,,,
Orzysz,piski,warmińsko-mazurskie,817,5526,53.8,21.9333,,,,,,
Ostróda,ostródzki,warmińsko-mazurskie,1415,32714,53.7,19.9667,,,,,,
Pasłęk,elbląski,warmińsko-mazurskie,1064,12117,54.05,19.65,,,,,,
Pasym,szczycieński,warmińsko-mazurskie,1518,2498,53.65,20.7167,,,,,,
Pieniężno,braniewski,warmińsko-mazurskie,381,2679,54.2333,20.1333,,,,,,
Pisz,piski,warmińsko-mazurskie,1008,19029,53.6167,21.8,,,,,,
Reszel,kętrzyński,warmińsko-mazurskie,382,4535,54.05,21.15,,,,,,
Ruciane-Nida,piski,warmińsko-mazurskie,1707,4434,53.65,21.55,,,,,,
Ryn,giżycki,warmińsko-mazurskie,414,2827,53.9333,21.5667,,,,,,
Sępopol,bartoszycki,warmińsko-mazurskie,463,1883,54.2667,21,,,,,,
Susz,iławski,warmińsko-mazurskie,667,5529,53.7167,19.3333,,,,,,
Szczytno,szczycieński,warmińsko-mazurskie,1062,22813,53.5667,20.9833,,,,,,
Tolkmicko,elbląski,warmińsko-mazurskie,229,2644,54.3333,19.5167,,,,,,
Węgorzewo,węgorzewski,warmińsko-mazurskie,1088,11144,54.2167,21.75,,,,,,
Wielbark,szczycieński,warmińsko-mazurskie,1842,2981,53.4667,20.9333,,,,,,
Zalewo,iławski,warmińsko-mazurskie,822,2129,53.85,19.6667,,,,,,
